{
  "LightCorporateTextColor" : { "Red": "123", "Green": "93", "Blue": "15", "Alpha": "255", "Location": "1"  },
  "NavigationTitleColor" : { "Red": "0", "Green": "0", "Blue": "0", "Alpha": "255", "Location": "1"  },
  "NavigationBarColor" : { "Red": "254", "Green": "220", "Blue": "13", "Alpha": "255", "Location": "1"  },
  "Buttons": [
    {
      "Key": "CorporateColor",
      "Colors": [  { "Red": "240", "Green": "211", "Blue": "18", "Alpha": "255",  "Location": "1"  }  ],
      "StrokeColor": {  "Red": "126", "Green": "98",  "Blue": "26", "Alpha": "255",  "Location": "1"  },
      "TextColor": {  "Red": "126", "Green": "98",  "Blue": "26", "Alpha": "255",  "Location": "1"  },
      "TextShadowColor": {  "Red": "0", "Green": "0",  "Blue": "0", "Alpha": "128",  "Location": "1"  },
      "DropShadow": {
        "BlurRadius": "1",
        "OffsetX": "0",
        "OffsetY": "1",
	"Color": { "Red": "255", "Green": "222", "Blue": "134", "Alpha": "255", "Location": "1"  }
      }
    },
    {
      "Key": "AlternateCorporateColor",
      "Colors": [  {  "Red": "13", "Green": "69", "Blue": "119",   "Alpha": "255", "Location": "1"     }   ],
      "StrokeColor": { "Red": "7", "Green": "34", "Blue": "57", "Alpha": "255",  "Location": "1"  },
      "TextColor": {  "Red": "126", "Green": "98",  "Blue": "26", "Alpha": "255",  "Location": "1"  },
      "TextShadowColor": {  "Red": "0", "Green": "0",  "Blue": "0", "Alpha": "128",  "Location": "1"  },
      "DropShadow": {
        "BlurRadius": "1",
        "OffsetX": "0",
        "OffsetY": "1",
        "Color": { "Red": "38", "Green": "105", "Blue": "164",  "Alpha": "255", "Location": "1"  }
      }
    },
    {
      "Key": "Red",
      "Colors": [  { "Red": "248", "Green": "76", "Blue": "76", "Alpha": "255",  "Location": "0"  } ,
                    { "Red": "244", "Green": "46", "Blue": "46", "Alpha": "255",  "Location": "1"  } ],
      "TextColor": {  "Red": "126", "Green": "98",  "Blue": "26", "Alpha": "255",  "Location": "1"  },
      "TextShadowColor": {  "Red": "0", "Green": "0",  "Blue": "0", "Alpha": "128",  "Location": "1"  },
      "StrokeColor": {  "Red": "182", "Green": "53",  "Blue": "64", "Alpha": "255",  "Location": "1"  },
      "InnerShadow": {
        "BlurRadius": "1",
        "OffsetX": "0",
        "OffsetY": "1",
        "Color": { "Red": "255", "Green": "255", "Blue": "255", "Alpha": "0.5", "Location": "1"  }
      }
    }
     
     ,
    {
      "Key": "Black",
      "Colors": [  { "Red": "39", "Green": "40", "Blue": "40", "Alpha": "255",  "Location": "0"  } ,
                    { "Red": "36", "Green": "37", "Blue": "37", "Alpha": "255",  "Location": "0.5"  } ,
                    { "Red": "0", "Green": "0", "Blue": "0", "Alpha": "255",  "Location": "0.53"  },
                    { "Red": "50", "Green": "50", "Blue": "50", "Alpha": "255",  "Location": "1"  }                    
                    ],
      "TextColor": {  "Red": "126", "Green": "98",  "Blue": "26", "Alpha": "255",  "Location": "1"  },
      "TextShadowColor": {  "Red": "0", "Green": "0",  "Blue": "0", "Alpha": "128",  "Location": "1"  },
      "StrokeColor": {  "Red": "0", "Green": "0",  "Blue": "0", "Alpha": "255",  "Location": "1"  }      
    }
    ,
    {
      "Key": "Grey",
      "Colors": [  { "Red": "240", "Green": "240", "Blue": "240", "Alpha": "255",  "Location": "0"  } ,
                    { "Red": "222", "Green": "222", "Blue": "222", "Alpha": "255",  "Location": "0.93"  } ,
                    { "Red": "200", "Green": "200", "Blue": "200", "Alpha": "255",  "Location": "1"  } ],
      "TextColor": {  "Red": "126", "Green": "98",  "Blue": "26", "Alpha": "255",  "Location": "1"  },
      "TextShadowColor": {  "Red": "0", "Green": "0",  "Blue": "0", "Alpha": "128",  "Location": "1"  },
      "StrokeColor": {  "Red": "155", "Green": "155",  "Blue": "155", "Alpha": "255",  "Location": "1"  }    
    }
    ,
    {
      "Key": "Green",
      "Colors": [  { "Red": "143", "Green": "207", "Blue": "15", "Alpha": "255",  "Location": "0"  } ,
                    { "Red": "87", "Green": "177", "Blue": "9", "Alpha": "255",  "Location": "1"  } ],
      "TextColor": {  "Red": "126", "Green": "98",  "Blue": "26", "Alpha": "255",  "Location": "1"  },
      "TextShadowColor": {  "Red": "0", "Green": "0",  "Blue": "0", "Alpha": "128",  "Location": "1"  },
      "StrokeColor": {  "Red": "155", "Green": "155",  "Blue": "155", "Alpha": "255",  "Location": "1"  }    ,
      "InnerShadow": {
        "BlurRadius": "1",
        "OffsetX": "0",
        "OffsetY": "1",
        "Color": { "Red": "255", "Green": "255", "Blue": "255", "Alpha": "0.5", "Location": "1"  }
      }
    } 
   ,
   {
      "Key": "Silver",
      "Colors": [  { "Red": "210", "Green": "208", "Blue": "207", "Alpha": "255",  "Location": "1"  } ,
                    { "Red": "248", "Green": "247", "Blue": "244", "Alpha": "255",  "Location": "0"  } ],
      "TextColor": {  "Red": "126", "Green": "98",  "Blue": "26", "Alpha": "255",  "Location": "1"  },
      "TextShadowColor": {  "Red": "255", "Green": "255",  "Blue": "255", "Alpha": "128",  "Location": "1"  },
      "StrokeColor": {  "Red": "69", "Green": "103",  "Blue": "24", "Alpha": "255",  "Location": "1"  },
      "InnerShadow": {
        "BlurRadius": "1",
        "OffsetX": "0",
        "OffsetY": "-1",
        "Color": { "Red": "80", "Green": "79", "Blue": "78", "Alpha": "255", "Location": "1"  }
      }
    }                               
  ]
}